direction,omega_measured,anisotropy,energy_drift
right,0.000000000000e+00,1.936751572971e-16,0.000000000000e+00
left,0.000000000000e+00,1.936751572971e-16,0.000000000000e+00
