{
  "max_drift": 190208.59270391386,
  "mean_drift": 79908.09039260127,
  "steps": 24,
  "timestamp": "2025-11-03T03:08:18.603673Z"
}