{
  "max_drift": 0.000405544553567219,
  "mean_drift": 0.00023533382353485577,
  "steps": 6000,
  "timestamp": "2025-11-04T13:58:50.033057Z"
}