{
  "max_drift": 0.00040333902586126686,
  "mean_drift": 0.0002331745337317964,
  "steps": 6000,
  "timestamp": "2025-11-14T18:43:29.222110Z"
}