{
  "max_drift": 0.00040333902586126686,
  "mean_drift": 0.0002331745337317964,
  "steps": 6000,
  "timestamp": "2025-11-10T22:04:27.796034Z"
}