{
  "id": "GRAV-18",
  "description": "Gravitational redshift \u2014 linear gradient (Pound-Rebka analogue)",
  "passed": true,
  "rel_err_ratio": 3.897267651244982e-12,
  "ratio_serial": 1.4060149958056136,
  "ratio_parallel": 1.4060149958056136,
  "ratio_theory": 1.4060149958110932,
  "omegaA_serial": 0.23375000270837432,
  "omegaB_serial": 0.16625000686741684,
  "omegaA_parallel": 0.23375000270837432,
  "omegaB_parallel": 0.16625000686741684,
  "omegaA_theory": 0.23375000059604645,
  "omegaB_theory": 0.16625000536441803,
  "chiA": 0.23375000059604645,
  "chiB": 0.16625000536441803,
  "freq_shift_theory_pct": 0.0,
  "freq_shift_measured_pct": 0.0,
  "N": 64,
  "dx": 1.0,
  "dt": 0.01,
  "steps": 4800,
  "schema_version": "1.0",
  "license": "CC BY-NC-ND 4.0",
  "timestamp": "2025-11-03T03:20:28.014694Z"
}