{
  "id": "GRAV-14",
  "description": "Group delay \u2014 differential timing with vs without slab",
  "passed": true,
  "rel_err_ratio": 0.06252043773308959,
  "ratio_serial": 11.700000000000003,
  "ratio_parallel": 11.700000000000003,
  "ratio_theory": 11.01155289300807,
  "omegaA_serial": 11.700000000000003,
  "omegaB_serial": 11.01155289300807,
  "omegaA_parallel": 11.700000000000003,
  "omegaB_parallel": 11.01155289300807,
  "omegaA_theory": 11.01155289300807,
  "omegaB_theory": 0.0,
  "chiA": 0.009999999776482582,
  "chiB": 0.009999999776482582,
  "freq_shift_theory_pct": 0.0,
  "freq_shift_measured_pct": 0.0,
  "N": 64,
  "dx": 2.0,
  "dt": 0.1,
  "steps": 3000,
  "schema_version": "1.0",
  "license": "CC BY-NC-ND 4.0",
  "timestamp": "2025-11-05T01:45:16.790483Z"
}