{
  "id": "GRAV-02",
  "description": "Local frequency \u2014 Gaussian well (strong curvature)",
  "passed": true,
  "rel_err_ratio": 1.2868376146803692e-12,
  "ratio_serial": 2.6866128711484802,
  "ratio_parallel": 2.6866128711484802,
  "ratio_theory": 2.6866128711519375,
  "omegaA_serial": 0.34948769968979276,
  "omegaB_serial": 0.13008487506441255,
  "omegaA_parallel": 0.34948769968979276,
  "omegaB_parallel": 0.13008487506441255,
  "omegaA_theory": 0.34948769211769104,
  "omegaB_theory": 0.13008487224578857,
  "chiA": 0.34948769211769104,
  "chiB": 0.13008487224578857,
  "freq_shift_theory_pct": 168.66128711519374,
  "freq_shift_measured_pct": 168.66128711484805,
  "N": 64,
  "dx": 1.0,
  "dt": 0.03,
  "steps": 4800,
  "schema_version": "1.0",
  "license": "CC BY-NC-ND 4.0",
  "timestamp": "2025-11-05T01:50:10.456523Z"
}