{
  "max_drift": 4820.915993025156,
  "mean_drift": 3952.727535665205,
  "steps": 192,
  "timestamp": "2025-11-05T01:46:21.526219Z"
}