metric,value
rel_err,0.9946136225162425
v_measured,0.005386377483757523
v_theory,1.0
max_violation,0.01746034061879159
energy_drift,0.009948451388485935
runtime_sec,27.237034559249878
