metric,value
rel_err,0.016253171911597895
omega_meas,57.81562221678469
omega_theory,58.29127186961743
omega2_over_k2_meas,0.9837468932300633
omega2_over_k2_theory,1.0000000662179123
