frame,residual_rms,beta,gamma
lab,0.000000000000e+00,0.0,1.0
boosted,0.000000000000e+00,0.300000,1.048285
