{
  "max_drift": 276181.266940523,
  "mean_drift": 174105.89032303347,
  "steps": 192,
  "timestamp": "2025-11-05T01:45:05.205465Z"
}