{
  "id": "GRAV-11",
  "description": "Time delay \u2014 packet through \u03c7 slab (Shapiro-like)",
  "passed": true,
  "rel_err_ratio": 0.2198190678817605,
  "ratio_serial": 0.75,
  "ratio_parallel": 0.75,
  "ratio_theory": 0.9613154707122918,
  "omegaA_serial": 20.78,
  "omegaB_serial": 20.03,
  "omegaA_parallel": 0.75,
  "omegaB_parallel": 0.9613154707122918,
  "omegaA_theory": 0.9613154707122918,
  "omegaB_theory": 0.0,
  "chiA": 0.05000000074505806,
  "chiB": 0.05000000074505806,
  "freq_shift_theory_pct": 0.0,
  "freq_shift_measured_pct": 0.0,
  "N": 64,
  "dx": 1.0,
  "dt": 0.01,
  "steps": 2400,
  "schema_version": "1.0",
  "license": "CC BY-NC-ND 4.0",
  "timestamp": "2025-11-05T01:44:52.098858Z"
}