{
  "max_drift": 0.629093008660927,
  "mean_drift": 0.13308081366196553,
  "steps": 1232,
  "timestamp": "2025-11-04T22:59:03.247257Z"
}