{
  "id": "GRAV-04",
  "description": "Local frequency \u2014 Gaussian well (shallow potential)",
  "passed": true,
  "rel_err_ratio": 3.329647966731386e-12,
  "ratio_serial": 1.882310406762715,
  "ratio_parallel": 1.882310406762715,
  "ratio_theory": 1.8823104067564476,
  "omegaA_serial": 0.17983132990426579,
  "omegaB_serial": 0.09553755281709783,
  "omegaA_parallel": 0.17983132990426579,
  "omegaB_parallel": 0.09553755281709783,
  "omegaA_theory": 0.17983132600784302,
  "omegaB_theory": 0.09553755074739456,
  "chiA": 0.17983132600784302,
  "chiB": 0.09553755074739456,
  "freq_shift_theory_pct": 88.23104067564476,
  "freq_shift_measured_pct": 88.2310406762715,
  "N": 64,
  "dx": 1.0,
  "dt": 0.03,
  "steps": 4800,
  "schema_version": "1.0",
  "license": "CC BY-NC-ND 4.0",
  "timestamp": "2025-11-03T02:45:13.564390Z"
}