{
  "max_drift": 0.9998443166929788,
  "mean_drift": 0.989388587325538,
  "steps": 96,
  "timestamp": "2025-11-13T23:12:15.702705Z"
}