dir,omega_theory,omega_meas_serial,omega_meas_parallel,rel_err_serial,rel_err_parallel,backend_gap,serial_t,parallel_t
x,0.09817477042468103,0.06872233929727672,0.12762720155208535,0.3,0.3,0.6,6.0379462242126465,53.795313358306885
y,0.09817477042468103,0.12762720155208535,0.12762720155208535,0.3,0.3,0.0,6.068238258361816,53.83645963668823
z,0.09817477042468103,0.12762720155208535,0.12762720155208535,0.3,0.3,0.0,6.15035343170166,53.113587379455566
d,0.09817477042468105,0.12762720155208537,0.12762720155208537,0.3000000000000001,0.3000000000000001,0.0,6.0444300174713135,53.38169455528259
