metric,value
rel_err,0.0071651593868806585
omega_meas,39.74038902386529
omega_theory,39.88353182629546
omega2_over_k2_meas,0.9928364009934996
omega2_over_k2_theory,1.0000015716414417
