# synthetic spectrum if raw eigenvalues absent; replace with true data when available
level,index,energy
0,0,3.820052360e-04
1,1,1.528020944e-03
2,2,3.438047124e-03
3,3,6.112083775e-03
4,4,9.550130899e-03
5,5,1.375218849e-02
