metric,value
rel_error,1.7024249960253077
covariance_ratio,2.7024249960253077
residual_lab_rms,22.923004618169102
residual_boost_rms,61.947700664143746
omega_lab,39.57738929414807
