{
  "max_drift": 222036.05895034692,
  "mean_drift": 125954.47975517642,
  "steps": 192,
  "timestamp": "2025-11-14T18:50:25.294810Z"
}