mode_n,frequency_omega,measured_energy,theory_zpe,energy_ratio,freq_ratio,ratio_error
1,0.2092007535649994,0.02678762974121021,0.1046003767824997,1.0,1.0,0.0
2,0.23464829249038746,0.03008445527525538,0.11732414624519373,1.1230726856349413,1.1216417173061541,0.0012757802306283257
3,0.27181721363716543,0.03489288502113727,0.13590860681858272,1.302574559908072,1.299312784514951,0.0025103850527713094
4,0.31660588224892106,0.040675846804889525,0.15830294112446053,1.518456362054072,1.5134069875639837,0.0033364286881058668
