{
  "id": "GRAV-10",
  "description": "Gravitational redshift \u2014 measure frequency shift in 1D potential well",
  "passed": true,
  "rel_err_ratio": 3.6013456829938594e-12,
  "ratio_serial": 4.0653506658414,
  "ratio_parallel": 4.0653506658414,
  "ratio_theory": 4.065350665856041,
  "omegaA_serial": 0.29971888932143004,
  "omegaB_serial": 0.0737252242075402,
  "omegaA_parallel": 0.29971888932143004,
  "omegaB_parallel": 0.0737252242075402,
  "omegaA_theory": 0.2997188866138458,
  "omegaB_theory": 0.07372522354125977,
  "chiA": 0.2997188866138458,
  "chiB": 0.07372522354125977,
  "freq_shift_theory_pct": 0.0,
  "freq_shift_measured_pct": 0.0,
  "N": 96,
  "dx": 1.0,
  "dt": 0.01,
  "steps": 1,
  "schema_version": "1.0",
  "license": "CC BY-NC-ND 4.0",
  "timestamp": "2025-11-05T01:46:17.497394Z"
}