metric,value
delay_lfm,9.475210141199952
delay_gr,2.2399999999999993
correspondence_ratio,4.230004527321408
