metric,value
linearity_error,2.6737578271981452e-05
omega1,39.56761190447864
omega2,78.43683474194683
energy_drift,6.3147021635296e-05
