{
  "max_drift": 276181.266940523,
  "mean_drift": 174105.89032303347,
  "steps": 192,
  "timestamp": "2025-11-10T22:10:38.872753Z"
}