{
  "max_drift": 276181.266940523,
  "mean_drift": 174105.89032303347,
  "steps": 192,
  "timestamp": "2025-11-13T23:17:06.244121Z"
}