frame,m_squared,beta,gamma
lab,-1.0778676484e+00,0.0,1.0
boosted,-1.0778676484e+00,0.300000,1.048285
