metric,value
acceleration_light,0.011351861875654208
acceleration_heavy,0.011351861883788084
relative_diff,7.165234746292048e-10
