{
  "max_drift": 12985.161579726462,
  "mean_drift": 10619.679954508218,
  "steps": 192,
  "timestamp": "2025-11-04T13:59:57.973107Z"
}