{
  "max_drift": 12985.161579726462,
  "mean_drift": 10619.679954508218,
  "steps": 192,
  "timestamp": "2025-11-13T23:12:30.068035Z"
}