amplitude,measured_energy,predicted_energy,rel_error
0.05,0.03277954860689226,0.03277954860689466,7.324253644306868e-14
0.1,0.13111819442756903,0.13111819442757863,7.324253661064848e-14
0.2,0.5244727777102761,0.5244727777103145,7.324253665254343e-14
0.3,1.180063749848679,1.1800637498482074,3.996586971519779e-13
0.4,2.0978911108411045,2.097891110841258,7.324253666301717e-14
