{
  "max_drift": 0.6705674293620099,
  "mean_drift": 0.20523044252508119,
  "steps": 6000,
  "timestamp": "2025-11-05T01:43:52.766656Z"
}