metric,value
anisotropy,0.0
omega_right,39.72659048145927
omega_left,39.72659048145927
