metric,value
anisotropy,1.8236163975638796e-16
omega_right,38.96338817249588
omega_left,38.963388172495875
energy_drift,4.474661399433463e-05
