metric,value
deflection_angle,-0.8558329754589135
position_shift,-410.79880846731703
