direction,omega_measured,anisotropy,energy_drift
right,3.896338817250e+01,1.823616397564e-16,4.474661399433e-05
left,3.896338817250e+01,1.823616397564e-16,4.474661399433e-05
