{
  "id": "GRAV-17",
  "description": "Gravitational redshift \u2014 frequency shift climbing out of \u03c7-well",
  "passed": true,
  "rel_err_ratio": 4.2050575811237466e-12,
  "ratio_serial": 1.8823104985118027,
  "ratio_parallel": 1.8823104985118027,
  "ratio_theory": 1.8823104985038874,
  "omegaA_serial": 0.29971888932143004,
  "omegaB_serial": 0.15922925019989773,
  "omegaA_parallel": 0.29971888932143004,
  "omegaB_parallel": 0.15922925019989773,
  "omegaA_theory": 0.2997188866138458,
  "omegaB_theory": 0.15922924876213074,
  "chiA": 0.2997188866138458,
  "chiB": 0.15922924876213074,
  "freq_shift_theory_pct": 0.0,
  "freq_shift_measured_pct": 0.0,
  "N": 64,
  "dx": 1.0,
  "dt": 0.01,
  "steps": 4800,
  "schema_version": "1.0",
  "license": "CC BY-NC-ND 4.0",
  "timestamp": "2025-11-03T03:17:22.000488Z"
}