metric,value
chi_pert_max,0.007745106604207547
chi_pert_rms,0.0028272176356583206
energy_drift_frac,0.512877832621141
