metric,value
linearity_error,0.0
omega1,39.72659048145927
omega2,78.54366332803862
