metric,value
anisotropy,0.0
omega_right,19.918707109145185
omega_left,19.918707109145185
