metric,value
rel_err,0.9814197346105741
v_measured,0.018580265389425882
v_theory,1.0
max_violation,0.0033565104618352715
energy_drift,0.00023310867384370817
runtime_sec,7.506070613861084
