energy,transmission_coeff,theory,rel_error
2.500000000e+00,4.847533277e-01,1.278466173e-11,1.057883156e+01
