{
  "algorithm": "algorithm2_gradient_adaptive_wave",
  "device": "GPU (CuPy)",
  "grid_size": 128,
  "steps": 300,
  "elapsed_time_s": 3.9319441999978153,
  "energy_drift": 0.00019373158239685976,
  "active_fraction_mean": 0.982567335764567,
  "speedup_vs_baseline": 0.5577861032035543,
  "params": {
    "amp_thresh": 1e-06,
    "grad_thresh": 1e-07,
    "halo": 2,
    "width": 20.0,
    "amplitude": 0.01
  }
}