{
  "algorithm": "algorithm1_active_mask_wave",
  "device": "GPU (CuPy)",
  "grid_size": 128,
  "total_cells": 2097152,
  "steps": 300,
  "elapsed_time_s": 3.218378700010362,
  "time_per_step_s": 0.01072792900003454,
  "energy_initial": 0.08938416884361317,
  "energy_final": 0.08936685024235148,
  "energy_drift": 0.00019375468257675798,
  "energy_drift_pass": true,
  "memory_mb": 48.0,
  "active_fraction_mean": 0.9487698459625244,
  "speedup_vs_baseline": 0.7443432620272333,
  "params": {
    "threshold": 1e-06,
    "buffer_cells": 3,
    "wave_width": 20.0,
    "wave_amplitude": 0.01,
    "dx": 1.0,
    "dt": 0.05,
    "seed": 42
  }
}