{
  "algorithm2_summary": {
    "n_trials": 3,
    "mean_time_s": 4.016497033332901,
    "std_time_s": 0.07257363343985039,
    "mean_drift": 0.00019373158239685976,
    "std_drift": 0.0,
    "mean_active_fraction": 0.9825673357645671,
    "std_active_fraction": 1.1102230246251565e-16,
    "mean_speedup": 0.5462217587193264
  },
  "trials": [
    {
      "algorithm": "algorithm2_gradient_adaptive_wave",
      "device": "GPU (CuPy)",
      "grid_size": 128,
      "steps": 300,
      "elapsed_time_s": 4.10915709999972,
      "energy_drift": 0.00019373158239685976,
      "active_fraction_mean": 0.982567335764567,
      "speedup_vs_baseline": 0.5337308309119522,
      "params": {
        "amp_thresh": 1e-06,
        "grad_thresh": 1e-07,
        "halo": 2,
        "width": 20.0,
        "amplitude": 0.01
      }
    },
    {
      "algorithm": "algorithm2_gradient_adaptive_wave",
      "device": "GPU (CuPy)",
      "grid_size": 128,
      "steps": 300,
      "elapsed_time_s": 4.008389800001169,
      "energy_drift": 0.00019373158239685976,
      "active_fraction_mean": 0.982567335764567,
      "speedup_vs_baseline": 0.5471483420424728,
      "params": {
        "amp_thresh": 1e-06,
        "grad_thresh": 1e-07,
        "halo": 2,
        "width": 20.0,
        "amplitude": 0.01
      }
    },
    {
      "algorithm": "algorithm2_gradient_adaptive_wave",
      "device": "GPU (CuPy)",
      "grid_size": 128,
      "steps": 300,
      "elapsed_time_s": 3.9319441999978153,
      "energy_drift": 0.00019373158239685976,
      "active_fraction_mean": 0.982567335764567,
      "speedup_vs_baseline": 0.5577861032035543,
      "params": {
        "amp_thresh": 1e-06,
        "grad_thresh": 1e-07,
        "halo": 2,
        "width": 20.0,
        "amplitude": 0.01
      }
    }
  ]
}