{
  "algorithm3_summary": {
    "n_trials": 3,
    "mean_time_s": 3.2488028333270145,
    "std_time_s": 0.21723211907369966,
    "mean_drift": 0.00019387138327972372,
    "std_drift": 0.0,
    "mean_active_fraction": 0.9233454831441245,
    "std_active_fraction": 1.1102230246251565e-16,
    "mean_speedup": 0.6779696947445794
  },
  "trials": [
    {
      "algorithm": "algorithm3_wavefront_prediction_wave",
      "device": "GPU (CuPy)",
      "grid_size": 128,
      "steps": 300,
      "elapsed_time_s": 3.5558020000025863,
      "energy_drift": 0.00019387138327972372,
      "active_fraction_mean": 0.9233454831441243,
      "speedup_vs_baseline": 0.6167902018529161,
      "params": {
        "amp_thresh": 1e-06,
        "rate_thresh": 1e-05,
        "safety": 2.0,
        "persistence": true,
        "width": 20.0,
        "amplitude": 0.01
      }
    },
    {
      "algorithm": "algorithm3_wavefront_prediction_wave",
      "device": "GPU (CuPy)",
      "grid_size": 128,
      "steps": 300,
      "elapsed_time_s": 3.1052190999907907,
      "energy_drift": 0.00019387138327972372,
      "active_fraction_mean": 0.9233454831441243,
      "speedup_vs_baseline": 0.7062895604812887,
      "params": {
        "amp_thresh": 1e-06,
        "rate_thresh": 1e-05,
        "safety": 2.0,
        "persistence": true,
        "width": 20.0,
        "amplitude": 0.01
      }
    },
    {
      "algorithm": "algorithm3_wavefront_prediction_wave",
      "device": "GPU (CuPy)",
      "grid_size": 128,
      "steps": 300,
      "elapsed_time_s": 3.085387399987667,
      "energy_drift": 0.00019387138327972372,
      "active_fraction_mean": 0.9233454831441243,
      "speedup_vs_baseline": 0.7108293218995335,
      "params": {
        "amp_thresh": 1e-06,
        "rate_thresh": 1e-05,
        "safety": 2.0,
        "persistence": true,
        "width": 20.0,
        "amplitude": 0.01
      }
    }
  ]
}