{
  "algorithm1_summary": {
    "n_trials": 3,
    "mean_time_s": 3.1522790000017267,
    "std_time_s": 0.052062023853661266,
    "mean_drift": 0.00019375468257675798,
    "std_drift": 0.0,
    "mean_active_fraction": 0.9487698459625244,
    "std_active_fraction": 0.0,
    "mean_speedup": 0.760158180304292,
    "all_pass": true
  },
  "trials": [
    {
      "algorithm": "algorithm1_active_mask_wave",
      "device": "GPU (CuPy)",
      "grid_size": 128,
      "total_cells": 2097152,
      "steps": 300,
      "elapsed_time_s": 3.218378700010362,
      "time_per_step_s": 0.01072792900003454,
      "energy_initial": 0.08938416884361317,
      "energy_final": 0.08936685024235148,
      "energy_drift": 0.00019375468257675798,
      "energy_drift_pass": true,
      "memory_mb": 48.0,
      "active_fraction_mean": 0.9487698459625244,
      "speedup_vs_baseline": 0.7443432620272333,
      "params": {
        "threshold": 1e-06,
        "buffer_cells": 3,
        "wave_width": 20.0,
        "wave_amplitude": 0.01,
        "dx": 1.0,
        "dt": 0.05,
        "seed": 42
      }
    },
    {
      "algorithm": "algorithm1_active_mask_wave",
      "device": "GPU (CuPy)",
      "grid_size": 128,
      "total_cells": 2097152,
      "steps": 300,
      "elapsed_time_s": 3.1473147999931825,
      "time_per_step_s": 0.010491049333310609,
      "energy_initial": 0.08938416884361317,
      "energy_final": 0.08936685024235148,
      "energy_drift": 0.00019375468257675798,
      "energy_drift_pass": true,
      "memory_mb": 48.0,
      "active_fraction_mean": 0.9487698459625244,
      "speedup_vs_baseline": 0.7611499491597944,
      "params": {
        "threshold": 1e-06,
        "buffer_cells": 3,
        "wave_width": 20.0,
        "wave_amplitude": 0.01,
        "dx": 1.0,
        "dt": 0.05,
        "seed": 43
      }
    },
    {
      "algorithm": "algorithm1_active_mask_wave",
      "device": "GPU (CuPy)",
      "grid_size": 128,
      "total_cells": 2097152,
      "steps": 300,
      "elapsed_time_s": 3.0911435000016354,
      "time_per_step_s": 0.010303811666672118,
      "energy_initial": 0.08938416884361317,
      "energy_final": 0.08936685024235148,
      "energy_drift": 0.00019375468257675798,
      "energy_drift_pass": true,
      "memory_mb": 48.0,
      "active_fraction_mean": 0.9487698459625244,
      "speedup_vs_baseline": 0.7749813297258481,
      "params": {
        "threshold": 1e-06,
        "buffer_cells": 3,
        "wave_width": 20.0,
        "wave_amplitude": 0.01,
        "dx": 1.0,
        "dt": 0.05,
        "seed": 44
      }
    }
  ]
}