step,active_fraction
0,0.716532
30,0.750464
60,0.738787
90,0.750255
120,0.746855
150,0.748774
