{
  "max_drift": 1.9888237871850062e-15,
  "mean_drift": 3.8426916745253156e-16,
  "steps": 200
}