{
  "max_drift": 9.442346122972935e-15,
  "mean_drift": 1.570576905121165e-15,
  "steps": 200
}