{
  "max_drift": 1.2826426334554865e-15,
  "mean_drift": 1.7101901779406486e-16,
  "steps": 200
}