{
  "max_drift": 1.79325097341038,
  "mean_drift": 0.8405356713982379,
  "steps": 100,
  "timestamp": "2025-10-28T22:30:27.196902Z"
}