metric,value
rel_err,0.002053580818646544
omega_meas,7.680385111297265
omega_theory,7.672511090904744
omega2_over_k2_meas,1.0027349321144334
omega2_over_k2_theory,1.0006799549533372
