{
  "id": "REL-11",
  "description": "Dispersion Relation \u2014 Non-relativistic (\u03c7/k\u224810)",
  "passed": true,
  "rel_err": 0.002053580818646544,
  "omega_meas": 7.680385111297265,
  "omega_theory": 7.672511090904744,
  "omega2_over_k2_meas": 1.0027349321144334,
  "omega2_over_k2_theory": 1.0006799549533372,
  "k_ang": 7.669903939428206,
  "chi": 0.2,
  "chi_over_k": 0.026075945876176135,
  "runtime_sec": 0.0,
  "backend": "GPU",
  "params": {
    "N": 512,
    "dx": 0.008,
    "dt": 0.0025,
    "steps": 4000,
    "alpha": 0.5,
    "beta": 0.5,
    "chi": 0.2
  },
  "schema_version": "1.0",
  "license": "CC BY-NC-ND 4.0",
  "timestamp": "2025-11-04T13:59:08.423268Z"
}