metric,value
anisotropy,1.9367515729713814e-16
omega_x,36.68734522672824
omega_y,36.68734522672824
omega_z,36.68734522672823
