{
  "max_drift": 0.4146487098793325,
  "mean_drift": 0.07175363143778121,
  "steps": 192,
  "timestamp": "2025-11-04T14:00:00.862347Z"
}