{
  "max_drift": 0.4145614942230211,
  "mean_drift": 0.06905359548978049,
  "steps": 192,
  "timestamp": "2025-11-10T22:06:24.461915Z"
}