{
  "max_drift": 24743.797565516812,
  "mean_drift": 21720.30792585303,
  "steps": 192,
  "timestamp": "2025-11-14T18:44:09.443037Z"
}