{
  "max_drift": 24743.797565516812,
  "mean_drift": 21720.30792585303,
  "steps": 192,
  "timestamp": "2025-11-10T22:05:05.370876Z"
}