{
  "max_drift": 24743.797565516812,
  "mean_drift": 21720.30792585303,
  "steps": 192,
  "timestamp": "2025-11-04T14:05:26.153505Z"
}