frame,residual_rms,beta,gamma
lab,8.703924295298e+00,0.0,1.0
boosted,8.632773279785e+00,0.200000,1.020621
