{
  "max_drift": 4820.915993025156,
  "mean_drift": 3952.727535665205,
  "steps": 192,
  "timestamp": "2025-11-14T18:44:08.831242Z"
}