{
  "max_drift": 4820.915993025156,
  "mean_drift": 3952.727535665205,
  "steps": 192,
  "timestamp": "2025-11-14T23:47:20.753453Z"
}