test,error
scaling,0.0
superposition,2.819392448217056e-13
combined,2.819392448217056e-13
