{
  "N": 256,
  "steps": 150,
  "device": "GPU (CuPy)",
  "baseline_time_s": 3.995551700005308,
  "baseline_ms_per_step": 26.63701133336872,
  "fused_time_s": 1.1560696999949869,
  "fused_ms_per_step": 7.7071313332999125,
  "speedup": 3.45615121650765,
  "E0": 0.046933432248390916,
  "Eb_final": 0.04702003559686435,
  "Ef_final": 0.047020035596864344,
  "baseline_drift": 0.0018452379109010154,
  "fused_drift": 0.0018452379109008675,
  "L2_relative_error": 7.47379456617994e-15
}