{
  "max_drift": 7.636963584287091,
  "mean_drift": 3.866092903355033,
  "steps": 192,
  "timestamp": "2025-11-14T23:48:20.841682Z"
}