{
  "max_drift": 7.636963584287091,
  "mean_drift": 3.866092903355033,
  "steps": 192,
  "timestamp": "2025-11-13T23:12:29.570845Z"
}