{
  "max_drift": 0.8924145003566109,
  "mean_drift": 0.45165100334850655,
  "steps": 192,
  "timestamp": "2025-11-03T03:00:16.304943Z"
}