metric,value
ratio_theory,8.382865429136743
ratio_measured,6.492153236849944
ratio_error,0.2255448579330829
chi_A,0.05000000074505806
chi_B,0.05000000074505806
correlation_delay_seconds,-69.59999999999604
