{
  "max_drift": 0.8924145003566109,
  "mean_drift": 0.45165100334850655,
  "steps": 192,
  "timestamp": "2025-11-05T01:44:32.081572Z"
}