{
  "id": "GRAV-12",
  "description": "Phase delay \u2014 continuous wave through \u03c7 slab (DEMONSTRATES: Klein-Gordon phase/group velocity mismatch - testable prediction!)",
  "passed": true,
  "rel_err_ratio": 0.2255448579330829,
  "ratio_serial": 6.492153236849944,
  "ratio_parallel": 6.492153236849944,
  "ratio_theory": 8.382865429136743,
  "omegaA_serial": 6.492153236849944,
  "omegaB_serial": 8.382865429136743,
  "omegaA_parallel": 6.492153236849944,
  "omegaB_parallel": 8.382865429136743,
  "omegaA_theory": 8.382865429136743,
  "omegaB_theory": 0.0,
  "chiA": 0.05000000074505806,
  "chiB": 0.05000000074505806,
  "freq_shift_theory_pct": 0.0,
  "freq_shift_measured_pct": 0.0,
  "N": 128,
  "dx": 1.0,
  "dt": 0.05,
  "steps": 2500,
  "schema_version": "1.0",
  "license": "CC BY-NC-ND 4.0",
  "timestamp": "2025-11-05T01:44:16.184310Z"
}