{
  "max_drift": 265251.939487981,
  "mean_drift": 220891.31865004092,
  "steps": 192,
  "timestamp": "2025-11-03T03:14:00.041714Z"
}