{
  "max_drift": 265251.939487981,
  "mean_drift": 220891.31865004092,
  "steps": 192,
  "timestamp": "2025-11-14T23:53:18.806549Z"
}