{
  "max_drift": 0.2652984169599894,
  "mean_drift": 0.25446745146852207,
  "steps": 256,
  "timestamp": "2025-11-10T23:21:26.639637Z"
}