metric,value
rel_error,1.8164966926832822
covariance_ratio,2.816496692683282
residual_lab_rms,22.87641636885593
residual_boost_rms,64.43135104332843
omega_lab,39.51969587586901
