{
  "max_drift": 34861.44657328211,
  "mean_drift": 27259.548945407325,
  "steps": 192,
  "timestamp": "2025-11-10T22:05:07.665327Z"
}