{
  "max_drift": 34861.44657328211,
  "mean_drift": 27259.548945407325,
  "steps": 192,
  "timestamp": "2025-11-14T23:47:24.348732Z"
}