metric,value
chi_pert_max,0.042345523886634026
chi_pert_rms,0.012032611056794953
E_energy_ratio,0.43573032148722196
