{
  "max_drift": 12985.161579726462,
  "mean_drift": 10619.679954508218,
  "steps": 192,
  "timestamp": "2025-11-05T01:46:23.755231Z"
}