metric,value
phase_error,0.0
omega_cos,0.41880921894214873
omega_sin,0.41880921894214873
