metric,value
invariant_mass_error,0.0
m2_lab,-1.0778676484424283
m2_boost,-1.0778676484424283
