{
  "max_drift": 45183.62797413772,
  "mean_drift": 36501.48345196644,
  "steps": 192,
  "timestamp": "2025-11-04T13:59:58.030574Z"
}