{
  "max_drift": 45183.62797413772,
  "mean_drift": 36501.48345196644,
  "steps": 192,
  "timestamp": "2025-11-13T23:12:29.646739Z"
}