direction,omega_measured,anisotropy,energy_drift
right,1.992291766873e+01,1.783229614193e-16,4.486754185573e-06
left,1.992291766873e+01,1.783229614193e-16,4.486754185573e-06
