{
  "id": "GRAV-03",
  "description": "Local frequency \u2014 Gaussian well (broader potential)",
  "passed": true,
  "rel_err_ratio": 8.691569002425617e-13,
  "ratio_serial": 1.6866212317990836,
  "ratio_parallel": 1.6866212317990836,
  "ratio_theory": 1.6866212318005496,
  "omegaA_serial": 0.2797831357538966,
  "omegaB_serial": 0.16588379802112282,
  "omegaA_parallel": 0.2797831357538966,
  "omegaB_parallel": 0.16588379802112282,
  "omegaA_theory": 0.27978312969207764,
  "omegaB_theory": 0.16588379442691803,
  "chiA": 0.27978312969207764,
  "chiB": 0.16588379442691803,
  "freq_shift_theory_pct": 68.66212318005496,
  "freq_shift_measured_pct": 68.66212317990836,
  "N": 64,
  "dx": 1.0,
  "dt": 0.03,
  "steps": 4800,
  "schema_version": "1.0",
  "license": "CC BY-NC-ND 4.0",
  "timestamp": "2025-11-05T01:50:11.025611Z"
}