metric,value
rel_err,0.002919641515536755
omega_meas,19.91268017267961
omega_theory,19.941812924977025
omega2_over_k2_meas,0.9970866266957117
omega2_over_k2_theory,1.0000062865657668
