index,chi
0,3.000000119e-01
1,1.400000006e-01
