metric,value
rel_err_ratio,0.019897221897380662
ratio_omega_measured,2.1002203133049466
omega_A_measured,0.30164596959484413
omega_B_measured,0.14362586995464693
energy_drift_frac,0.0008320086555761351
