{
  "id": "GRAV-07",
  "description": "Time dilation \u2014 bound states in double-well potential (KNOWN: Packet becomes trapped, demonstrates bound state physics)",
  "passed": false,
  "rel_err_ratio": 0.7094927806006961,
  "ratio_serial": 3.663175311119715,
  "ratio_parallel": 3.6631989455393863,
  "ratio_theory": 2.142857218883475,
  "omegaA_serial": 0.30362083301106646,
  "omegaB_serial": 0.08288460344483467,
  "omegaA_parallel": 0.3036164663811188,
  "omegaB_parallel": 0.08288287665916351,
  "omegaA_theory": 0.30000001192092896,
  "omegaB_theory": 0.14000000059604645,
  "chiA": 0.30000001192092896,
  "chiB": 0.14000000059604645,
  "freq_shift_theory_pct": 114.28572188834751,
  "freq_shift_measured_pct": 266.3175311119715,
  "N": 64,
  "dx": 1.0,
  "dt": 0.01,
  "steps": 4800,
  "schema_version": "1.0",
  "license": "CC BY-NC-ND 4.0",
  "timestamp": "2025-11-03T03:00:05.368385Z"
}