{
  "max_drift": 0.047502974748733155,
  "mean_drift": 0.008184893341223208,
  "steps": 24000,
  "timestamp": "2025-11-14T23:47:00.143182Z"
}