{
  "max_drift": 0.6705674293620099,
  "mean_drift": 0.20523044252508119,
  "steps": 6000,
  "timestamp": "2025-11-04T13:58:49.967246Z"
}