{
  "id": "GRAV-01",
  "description": "Local frequency \u2014 linear \u03c7-gradient (weak)",
  "passed": true,
  "rel_err_ratio": 1.8436311269530395e-13,
  "ratio_serial": 0.32307691273140354,
  "ratio_parallel": 0.32307691273140354,
  "ratio_theory": 0.323076912731344,
  "omegaA_serial": 0.15750000222036656,
  "omegaB_serial": 0.4875000224832139,
  "omegaA_parallel": 0.15750000222036656,
  "omegaB_parallel": 0.4875000224832139,
  "omegaA_theory": 0.1574999988079071,
  "omegaB_theory": 0.48750001192092896,
  "chiA": 0.1574999988079071,
  "chiB": 0.48750001192092896,
  "freq_shift_theory_pct": -67.6923087268656,
  "freq_shift_measured_pct": -67.69230872685965,
  "N": 64,
  "dx": 1.0,
  "dt": 0.03,
  "steps": 4800,
  "schema_version": "1.0",
  "license": "CC BY-NC-ND 4.0",
  "timestamp": "2025-11-03T02:34:20.198846Z"
}