{
  "max_drift": 88811.14187371808,
  "mean_drift": 68662.80748347977,
  "steps": 192,
  "timestamp": "2025-11-05T01:46:21.659318Z"
}