{
  "id": "GRAV-08",
  "description": "Time dilation \u2014 uniform \u03c7 diagnostic (isolate grid dispersion)",
  "passed": true,
  "rel_err_ratio": 0.028800802497585876,
  "ratio_serial": 1.0288008024975859,
  "ratio_parallel": 1.0287961547801439,
  "ratio_theory": 1.0,
  "omegaA_serial": 0.27371929335812367,
  "omegaB_serial": 0.2660566483751027,
  "omegaA_parallel": 0.27371627415340066,
  "omegaB_parallel": 0.26605491562309974,
  "omegaA_theory": 0.25,
  "omegaB_theory": 0.25,
  "chiA": 0.25,
  "chiB": 0.25,
  "freq_shift_theory_pct": 0.0,
  "freq_shift_measured_pct": 2.8800802497585916,
  "N": 64,
  "dx": 1.0,
  "dt": 0.01,
  "steps": 4800,
  "schema_version": "1.0",
  "license": "CC BY-NC-ND 4.0",
  "timestamp": "2025-11-03T03:03:45.180770Z"
}