frame,residual_rms,beta,gamma
lab,9.399698278045e+00,0.0,1.0
boosted,9.312716934545e+00,0.600000,1.250000
