metric,value
anisotropy,1.783229614192573e-16
omega_right,19.922917668732925
omega_left,19.92291766873292
energy_drift,4.4867541855734685e-06
