{
  "id": "GRAV-07",
  "description": "Time dilation \u2014 bound states in double-well potential (KNOWN: Packet becomes trapped, demonstrates bound state physics)",
  "passed": true,
  "rel_err_ratio": 0.022435917008973096,
  "ratio_serial": 2.0948005146965696,
  "ratio_parallel": 2.0947802521585266,
  "ratio_theory": 2.142857218883475,
  "omegaA_serial": 0.34713127752551265,
  "omegaB_serial": 0.16571089948189857,
  "omegaA_parallel": 0.34712480312623206,
  "omegaB_parallel": 0.16570941165238878,
  "omegaA_theory": 0.30000001192092896,
  "omegaB_theory": 0.14000000059604645,
  "chiA": 0.30000001192092896,
  "chiB": 0.14000000059604645,
  "freq_shift_theory_pct": 114.28572188834751,
  "freq_shift_measured_pct": 109.48005146965696,
  "N": 128,
  "dx": 1.0,
  "dt": 0.01,
  "steps": 4800,
  "schema_version": "1.0",
  "license": "CC BY-NC-ND 4.0",
  "timestamp": "2025-11-05T02:18:22.797650Z"
}