{
  "id": "GRAV-09",
  "description": "Time dilation \u2014 2x refined grid (N=128, dx=0.5)",
  "passed": true,
  "rel_err_ratio": 0.004397059740349736,
  "ratio_serial": 1.020491800101535,
  "ratio_parallel": 1.021469161847813,
  "ratio_theory": 1.024998780975269,
  "omegaA_serial": 0.20909105752271234,
  "omegaB_serial": 0.20489244254770944,
  "omegaA_parallel": 0.2090791754558323,
  "omegaB_parallel": 0.20468476510599024,
  "omegaA_theory": 0.20454277098178864,
  "omegaB_theory": 0.19955416023731232,
  "chiA": 0.20454277098178864,
  "chiB": 0.19955416023731232,
  "freq_shift_theory_pct": 2.499878097526907,
  "freq_shift_measured_pct": 2.0491800101534974,
  "N": 128,
  "dx": 0.5,
  "dt": 0.005,
  "steps": 30800,
  "schema_version": "1.0",
  "license": "CC BY-NC-ND 4.0",
  "timestamp": "2025-11-03T19:01:19.868124Z"
}