amplitude,measured_energy,predicted_energy,rel_error
0.1,0.06443863507794927,0.0644386350779629,2.1148783784199794e-13
0.3,0.5799477157013406,0.5799477157016659,5.609046080398734e-13
0.5,1.6109658769489963,1.610965876949072,4.7001126068626716e-14
