{
  "max_drift": 88811.14187371808,
  "mean_drift": 68662.80748347977,
  "steps": 192,
  "timestamp": "2025-11-10T22:05:08.533968Z"
}