metric,value
rel_err_ratio,0.49868071141030407
ratio_meas_serial,1.0742556565199581
omega_A,0.2554995320510819
omega_B,0.23783866577791213
energy_drift_frac,0.001530885276903738
