{
  "id": "GRAV-05",
  "description": "Local frequency \u2014 linear \u03c7-gradient (moderate)",
  "passed": true,
  "rel_err_ratio": 1.059770610316685e-12,
  "ratio_serial": 0.41333331015331215,
  "ratio_parallel": 0.41333331015331215,
  "ratio_theory": 0.4133333101537502,
  "omegaA_serial": 0.12400000065989293,
  "omegaB_serial": 0.3000000184207251,
  "omegaA_parallel": 0.12400000065989293,
  "omegaB_parallel": 0.3000000184207251,
  "omegaA_theory": 0.12399999797344208,
  "omegaB_theory": 0.30000001192092896,
  "chiA": 0.12399999797344208,
  "chiB": 0.30000001192092896,
  "freq_shift_theory_pct": -58.666668984624984,
  "freq_shift_measured_pct": -58.66666898466879,
  "N": 64,
  "dx": 1.0,
  "dt": 0.03,
  "steps": 4800,
  "schema_version": "1.0",
  "license": "CC BY-NC-ND 4.0",
  "timestamp": "2025-11-05T01:50:14.037369Z"
}