metric,value
momentum_initial,5.6025978456553106e-09
momentum_final,5.602598442955298e-09
relative_change,1.0661125499295153e-07
